<?xml version="1.0" encoding="UTF-8"?>
<project-private xmlns="http://www.netbeans.org/ns/project-private/1">
    <editor-bookmarks xmlns="http://www.netbeans.org/ns/editor-bookmarks/2" lastBookmarkId="0"/>
    <open-files xmlns="http://www.netbeans.org/ns/projectui-open-files/2">
        <group>
            <file>file:/C:/Users/Srikanth/Langs/JavaEE/SJSU-CS160-TheDreamTeam/Archive/Jay/TheDreamTeamFinal/Racqual/web/index.jsp</file>
            <file>file:/C:/Users/Srikanth/Langs/JavaEE/SJSU-CS160-TheDreamTeam/Archive/Jay/TheDreamTeamFinal/Racqual/web/login.jsp</file>
            <file>file:/C:/Users/Srikanth/Langs/JavaEE/SJSU-CS160-TheDreamTeam/Archive/Jay/TheDreamTeamFinal/Racqual/web/nav.jsp</file>
            <file>file:/C:/Users/Srikanth/Langs/JavaEE/SJSU-CS160-TheDreamTeam/Archive/Jay/TheDreamTeamFinal/Racqual/web/signup.jsp</file>
            <file>file:/C:/Users/Srikanth/Langs/JavaEE/SJSU-CS160-TheDreamTeam/Archive/Jay/TheDreamTeamFinal/Racqual/src/java/Controller/UserRegistrationServlet.java</file>
            <file>file:/C:/Users/Srikanth/Langs/JavaEE/SJSU-CS160-TheDreamTeam/Archive/Jay/TheDreamTeamFinal/Racqual/src/java/build.properties</file>
        </group>
    </open-files>
</project-private>
